بعد يوم عمل شاق لدي ألم في القدم,آلام القدم
بعد الأكل أشعر بحرقان بداخلي.,ألم المعدة
بعد لعب كرة القدم ، أشعر بألم في ساقيّ.,ألم عضلي
بعد لعب التنس ، كان لدي إحساس قوي بالقرب من رقبتي,الم الكتف
كل جسدي في حالة سيئة وأحتاج إلى علاج جيد,الم المفاصل
فجأة شعرت بالدوار عندما وقفت.,الشعور بالدوار
في البداية تشعر بالخدر حقًا ، ولكن بعد ذلك تبدأ ألف إبرة في الوخز في قدمي.,آلام القدم
تشنجات على طول البطن كله,ألم المعدة
الانزعاج أو الألم الذي يشعر به في وقت ما على طول الجزء الأمامي من الجسم بين الرقبة وأعلى البطن.,ألم داخلي
حتى لو كانت درجة الحرارة مرتفعة في المنزل ، فإن جسمي بارد دائمًا,الشعور بالبرد
في كل مرة أمشط شعري هناك الكثير من الشعر في مشطتي.,تساقط الشعر
في كل مرة أنظر فيها إلى اليسار أشعر بألم حاد في رقبتي.,الم الرقبة
في كل مرة تمطر أحصل على خلايا النحل على بطني وجانبي.,مشكلة الجلد
لو قمت بدس على إبرة لما كانت ستتألم كثيراً ، مثل هذا الحفز اللعين في كعبي.,آلام القدم
أجد صعوبة في تحريك ركبتي,ألم الركبة
التنفس الشديد مع التعب,الألم العاطفي
بدأ جرحه المصاب بالتعفن.,جرح مصاب
أشعر دائمًا أنني أعاني من آلام الدورة الشهرية حتى لو لم يكن لدي الدورة الشهرية.,ألم داخلي
أشعر بالبرد دائمًا ، حتى عندما أرتدي طبقات,الشعور بالبرد
أشعر بالدوار ، والجسد هش للغاية.,يشعر الجسم بالضعف
أنا قلق من مدى عدم تحمل البرد ، أنا أرتعش دائمًا ، حتى في الشمس.,الشعور بالبرد
أنا بالكاد أستطيع التنفس,من الصعب التنفس
بالكاد أستطيع تحريك رقبتي. هذا مؤلم.,الم الرقبة
لا أستطيع أن أسمع من أذني بشكل صحيح ، أشعر أن هناك شيئًا يسبب تهيجًا.,ألم الأذن
لا أستطيع الوقوف ، أشعر أن دماغي يتحرك داخل جمجمتي.,صداع الراس
لا أستطيع المشي بشكل جيد ولدي وجع في قدمي,آلام القدم
لا أستطيع العمل بشكل جيد لدي ألم في ركبتي,ألم الركبة
لا أستطيع تحمل هذا الإحساس بالضغط في صدري.,القلب يؤلم
لا أستطيع أن أكون دافئًا بغض النظر عن مقدار التفافي أو مدى ارتفاع التدفئة,الشعور بالبرد
لا أستطيع التنفس,سعال
أمسكت بحقيبة ثقيلة أمس وعندما استيقظت اليوم شعرت بألم كبير في الكتف.,الم الكتف
أشكو كثيرًا من آلام رقبتي وأحتاج حقًا إلى أن أكون أفضل,الم الرقبة
أشكو من حساسية الجلد,مشكلة الجلد
قطعت نفسي وأنا أنزف.,جرح مفتوح
لا أشعر بتحسن في عضلاتي,ألم عضلي
ليس لدي مجموعة كاملة من الحركة مع ذراعي,الم الكتف
ليس لدي مشاكل في التنفس ولكن التنفس ثقيل جدًا,من الصعب التنفس
ليس لدي الطاقة للقيام بالأشياء التي اعتدت عليها,يشعر الجسم بالضعف
أشعر بألم في ركبتي عندما أتسلق السلالم.,الم المفاصل
أشعر بحرقان في أحشائي بعد ساعتين من كل وجبة.,ألم المعدة
أشعر بقدر كبير من الضغط على جانبي رقبتي,الم الكتف
أشعر بألم في ظهري عندما أجلس على كرسي لفترة طويلة.,ألم في الظهر
أشعر بألم في الظهر عندما أحمل أشياء ثقيلة,ألم في الظهر
اشعر بالبرد,الشعور بالبرد
أشعر بالازدحام في صدري,سعال
أشعر بالاكتئاب عندما أرى شعري يتساقط,تساقط الشعر
أشعر بالدوار وبعيدا عن الأنظار,الشعور بالدوار
أشعر بالدوار عندما أقوم بحركات مفاجئة,الشعور بالدوار
أشعر بالسحق العاطفي,الألم العاطفي
أشعر بألم شديد في الرأس,صداع الراس
أشعر بآلام الرأس,صداع الراس
أشعر أنني بالكاد أستطيع التنفس ما لم أخرج ما في رئتي,سعال
أشعر أن لدي دائمًا شيء في حلقي,سعال
أشعر أنني وقعت في الماء الساخن,مشكلة الجلد
أشعر أن الغرفة تدور,الشعور بالدوار
أشعر أن العالم يدور وجولة,الشعور بالدوار
أشعر بألم عضلي في كل مرة أقوم فيها بجهد إضافي.,ألم عضلي
أشعر بألم في ظهري,ألم في الظهر
أشعر بألم في رأسي مع دوار,صداع الراس
أشعر بألم في عضلات ساقي بعد الركض أمس ، أخذت بعض مسكنات الألم لكنها لا تساعد.,ألم عضلي
أشعر بألم في رقبتي أثناء العمل.,الم الرقبة
أشعر بألم في حلقي,سعال
أشعر بحكة شديدة في الجلد مع احمرار,مشكلة الجلد
أشعر بألم في الكتف على فترات زمنية.,الم الكتف
أشعر بشيء يؤلمني في التنفس ولا أستطيع أن أتنفس,من الصعب التنفس
سقطت من خلال نافذة بينما كنت أقوم بتنظيفها ولدي قطعة من الزجاج عالقة في عيني اليسرى ، أعتقد أنها خطيرة جدًا ، الرجاء المساعدة!,جرح مفتوح
شعرت أن قلبي يؤلمني عندما ركضت مسافة طويلة,القلب يؤلم
أشعر بألم في الركبة عندما أمشي كثيرًا,ألم الركبة
أحصل على بقع كبيرة من البثور المتهيجة على ظهري وتؤلمني.,حب الشباب
أحصل على قشعريرة وأوجاع في كل مكان.,الشعور بالبرد
أحصل على مجموعات من البثور على وجهي لا تختفي أبدًا.,حب الشباب
أحصل على مجموعات من الرؤوس البيضاء والرؤوس السوداء على ظهري.,حب الشباب
شعرت بألم في ركبتي عندما كنت أسبح,ألم الركبة
شعرت بألم حاد في معدتي,ألم المعدة
شعرت بألم وغازات داخلية عندما تناولت الطعام الهندي الحار أمس,ألم داخلي
لدي رؤية ضبابية بعد إصابة رأسي بالأمس.,رؤية ضبابية
لدي رؤية ضبابية ولا أستطيع الرؤية في الظلام ، ما السبب يا دكتور؟,رؤية ضبابية
لدي قطع أصبحت حمراء وتنضح بالضحك.,جرح مصاب
لدي قطع حمراء ومتورمة.,جرح مصاب
لدي ألم خفيف في أسفل ظهري مما يجعل من الصعب الحركة,ألم في الظهر
لدي ألم خفيف في معدتي. تزداد الأمور سوءا بعد أن آكل.,ألم داخلي
أشعر بألم في الأذن عندما أذهب إلى المسبح,ألم الأذن
لدي ألم كبير في قدمي مثل ألم جلطة مع تخفيف الألم,آلام القدم
أعاني من ألم شديد في المعدة ولا أستطيع تناول أي شيء,ألم المعدة
أشعر بألم في الرأس كل يوم.,ألم داخلي
أعاني من الصداع في كل مرة آكل فيها المثلجات,صداع الراس
أشعر بألم شديد في الركبة عندما أركض.,ألم الركبة
لدي صداع نصفي وأخذت بانادول لكنه لا يساعد,صداع الراس
أشعر بألم في الرقبة عندما أجلس أمام جهاز الكمبيوتر المحمول.,الم الرقبة
أعاني من ألم في مفصل الكوع,الم المفاصل
أشعر بألم في رأسي,صداع الراس
عندي ألم في معدتي,ألم داخلي
لدي تشنج مؤلم في قدمي,آلام القدم
أشعر بألم حاد في بطني.,ألم داخلي
لدي ألم حاد في أذني,ألم الأذن
لدي طفح جلدي بعد تناول الآيس كريم.,مشكلة الجلد
لدي جرح بين أصابع قدمي يتحسن بين عشية وضحاها ثم يعاد فتحه يومًا بعد يوم عندما أرتدي أحذية رسمية للعمل.,جرح مفتوح
لدي ألم في الأذن عند الاستحمام,ألم الأذن
لدي رؤية ضبابية بعد استخدام دواء خاطئ.,رؤية ضبابية
أجد صعوبة في التنفس في الأماكن المزدحمة.,من الصعب التنفس
لدي اختلاف في مشاعري,الألم العاطفي
لدي انزعاج عام في جذعي.,ألم داخلي
لدي مشكلة مع بشرتي,مشكلة الجلد
أعاني من آلام في ساقي اليسرى.,ألم عضلي
أشعر بألم في صدري يحزنني.,القلب يؤلم
لدي بثور على ظهري.,حب الشباب
أعاني من آلام شديدة في الكتف,الم الكتف
لدي بعض المشاكل الرهيبة عندما أتنفس أثناء الليل.,سعال
لدي ألم رهيب في قلبي,القلب يؤلم
لدي انطباع بعدم وجود قوة في جسدي,يشعر الجسم بالضعف
لدي خفقان في كتفي,الم الكتف
لقد حاولت القيام بالتدليك على قدمي لكنهم ما زالوا يؤلمونني,آلام القدم
أعاني من السعال الديكي مع وجود مخاط زائد ، بحاجة إلى حال للبلغم.,سعال
لا يمكنني أن أبدو دافئة. حتى عندما يكون كل من حولي دافئًا أشعر دائمًا بالبرد.,الشعور بالبرد
أنا أحب البستنة ولكن أحصل على خصلة رهيبة في ظهري السفلي عندما أتكئ.,ألم في الظهر
لقد أجريت الكثير والكثير من التحليل لمعرفة السبب الرئيسي لآلام المعدة,ألم المعدة
قد أكون قد بالغت في ذلك مع رفع الأثقال ، لأنني أخشى أن أكون قد مزقت عضلة على ظهري.,إصابة من الرياضة
لا بد لي من رؤية طبيب لدي جرح مفتوح,جرح مفتوح
ألاحظ الكثير من الشعر يخرج من المعتاد عندما أغسل شعري,تساقط الشعر
لقد قطعت نفسي بعمق بسكين بينما كنت أطبخ,جرح مفتوح
أعتقد أن درجة حرارة جسمي منخفضة للغاية.,الشعور بالبرد
أعتقد أن هناك خطأ ما في جرحي ، لا يبدو أنه يشفى كما يجب.,جرح مصاب
انزلقت أثناء القفز للقبض على الكرة.,إصابة من الرياضة
لقد زرت العديد من الأطباء لكنهم لم يجدوا العلاج المناسب مع شعري,تساقط الشعر
أستيقظ برقبة شديدة كل صباح. يساعد التدليك ولكن بعد ذلك بيومين عاد مرة أخرى.,الم الرقبة
أمشي كل يوم ولكني الآن أشعر بضيق في التنفس بعد أن أمشي مسافة قصيرة فقط.,من الصعب التنفس
ركلت في رأسي أثناء لعب كرة القدم الليلة الماضية.,إصابة من الرياضة
كنت نشيطًا جدًا في الرياضة ، لكن جسدي الآن يشعر بالألم.,إصابة من الرياضة
أتمنى أن يختفي هذا الشعور المؤلم بالخسارة.,الألم العاطفي
أشعر بالغثيان,ألم المعدة
أواجه صعوبة في السمع.,ألم الأذن
لا أشعر بالارتياح لأنني أصاب بالجرح,جرح مصاب
لست بخير أشعر بالدوار,الشعور بالدوار
لقد أصبت ببرد شديد لأسابيع لكني ما زلت سعال كل يوم.,سعال
أجد صعوبة في التنفس - هل أصبت بنوبة قلبية؟,من الصعب التنفس
لقد لاحظت شعري يتساقط كثيرًا مؤخرًا.,تساقط الشعر
في المدرسة الثانوية كان لدي الكثير من حب الشباب.,حب الشباب
في الصباح تنفسي مرتفع.,من الصعب التنفس
هل قصتي مصابة أم مجرد شفاء؟,جرح مصاب
أشعر وكأنني لا أستطيع التنفس بعمق,من الصعب التنفس
يبدو وكأن قلبي سوف يقفز من جسدي. هذا مؤلم.,القلب يؤلم
لقد بدأ كطنين ، ولكن اليوم الألم ينبض ولا يطاق.,ألم الأذن
خط حرق طولي عبر الظهر بحركات تنفسية صلبة,ألم في الظهر
السيد الشعر يتساقط بمجرد تمشيطه.,تساقط الشعر
حب الشباب الخاص بي محرج حقا. انها قراءة جدا.,حب الشباب
يلف مفصل الكاحل عندما أضغط على قدمي.,الم المفاصل
جسدي يبدو وكأنه في الثلاجة.,الشعور بالبرد
جسدي يشعر بالضعف بالرغم من أنني آكل كثيراً ، لماذا؟,يشعر الجسم بالضعف
جسدي يشعر بالضعف وأعتقد أن وجهي يتلاشى ولا أستطيع النوم جيدًا,يشعر الجسم بالضعف
تشعر عجولي أنها ضيقة مثل العقد وترتجف,ألم عضلي
يشير تقرير cbc الخاص بي إلى 10 hb ، أشعر بالتعب من القليل من العمل.,يشعر الجسم بالضعف
قطع صديد أصفر أو مخضر اللون,جرح مصاب
وجع أذني عندما أستمع إلى الموسيقى.,ألم الأذن
أذني تؤلم عندما ألمسها.,ألم الأذن
جسمي كله يتجمد.,الشعور بالبرد
وجهي مكسور بالبثور.,حب الشباب
تؤلمني قدمي كثيرًا من لعب كرة القدم,آلام القدم
ذهبت جدتي العام الماضي إلى المستشفى لأنها كانت تعاني من صعوبة في التنفس,من الصعب التنفس
يسقط شعري دائمًا وفقدت الكثير من الشعر مؤخرًا,تساقط الشعر
شعري يتساقط بعد الاستحمام.,تساقط الشعر
شعري يتساقط عندما أمشطه.,تساقط الشعر
وجع رأسي منذ أن استيقظت هذا الصباح.,صداع الراس
يؤلم رأسي ويفقد الإحساس في وجهي ، ثم يفقد البصر في عيني,صداع الراس
رأسي يدور عندما استيقظ.,الشعور بالدوار
يبدو قلبي وكأنه سينفجر.,القلب يؤلم
يؤلم قلبي عندما أمارس الرياضة,القلب يؤلم
لدى زوجي بقعة على شفته أنه على الرغم من ذلك كان قرحة باردة ولكنه الآن قد انفتح وأسرع سوائل طوال اليوم.,جرح مصاب
تسبب جرحى المصاب بالحمى,جرح مصاب
وجع المفاصل كلما كان باردا,الم المفاصل
تشعر ركبتي بالضعف وقد انحسرت في اليوم الآخر في أعلى الدرج. لحسن الحظ كان هناك سكة حديدية تمسك بها.,ألم الركبة
وجع ركبتي في الأيام الباردة والممطرة.,ألم الركبة
ذهني يشعر بالحزن الشديد ، كما لو أنه يؤلم. الطريقة التي أشعر بها في رأسي مروعة وعندما أفكر في انفصالي ، أبكي بالحزن.,الألم العاطفي
تحترق عضلي في كتفي عندما أحرك ذراعي.,ألم عضلي
يؤلمني رقبتي ولا أستطيع تحمل هذا الألم,الم الرقبة
كتفي لديه ألم كبير,الم الكتف
كتفي يؤلمني كثيرا,الم الكتف
يؤلم كتفي عندما أحاول الوصول إلى شيء فوق رأسي.,الم الكتف
حصل ابني على وشم منذ عدة أسابيع ، وكان الجلد المحيط به مرتفعًا وساخنًا ويبدو عليه العدوى.,جرح مصاب
قرحة بلدي تبدو أنها لا تلتئم بشكل جيد.,جرح مصاب
معدتي تؤلمني بعد أن أشرب أي مشروب غازي ، لماذا؟,ألم المعدة
معدتي تؤلمني عندما أتناول الطعام الساخن ، لماذا؟,ألم المعدة
معدتي تشعر بالامتلاء والضيق والانتفاخ بعد وجبات الطعام الكبيرة.,ألم المعدة
معدتي متقرحة منذ البارحة,ألم المعدة
انخفضت درجة حرارتي وتشكيل جسدي,الشعور بالبرد
كان ظهري العلوي مؤلمًا لمدة أسبوع.,ألم في الظهر
أصيب جرحي عندما كنت أزرع بعض الزهور في حديقتي,جرح مصاب
ألم في الرقبة الكبيرة,الم الرقبة
احمرار أحمر مصحوب بحكة,مشكلة الجلد
ألم حاد وتنفس شديد,ألم داخلي
هناك شيء مظلم على ذراعي,مشكلة الجلد
أحيانًا أسعل لأنني مدخن,سعال
المنطقة المحيطة بقلبي لا تبدو جيدة.,القلب يؤلم
يزداد الشعور بالسعال في الشتاء,سعال
المفاصل في أصابعي مؤلمة في الصباح.,الم المفاصل
تبدو الركبة وكأنها صدئة ، وفجأة لا أستطيع ثنيها بعد الآن.,ألم الركبة
في المرة الأخيرة التي قصمت فيها أظافري ، قطعتها قصيرة جدًا والآن لديّ مسمار مصاب.,جرح مصاب
الألم في ظهري dwwls مثل سكين حاد فيه,ألم في الظهر
نظام تدفئة منزلي مكسور ويشعر بالبرد الشديد,الشعور بالبرد
هناك بعض البثور على وجهي تزعجني كثيرا,حب الشباب
يبدو وكأنه عقدة منتفخة في كتفي مع إطلاق نار من ذلك,الم الكتف
هناك ألم حاد في العضلة ذات الرأسين,ألم عضلي
هناك ألم حاد في عجولي.,ألم عضلي
أشعر بألم حاد في أذني كلما فعلت ذلك.,ألم الأذن
هناك ضغط شديد أسفل زر بطني على اليمين ، والذي أشعر به في كل مرة أخرج فيها للركض.,ألم داخلي
هناك ألم في قدمي,آلام القدم
باستخدام منشط الشعر,تساقط الشعر
ما هي أعراض التهاب الزائدة الدودية؟,ألم داخلي
عندما أقوم بتمارين شاقة أشعر بألم شديد في عضلاتي.,ألم عضلي
عندما أشرب كثيرًا ، أشعر بصداع,صداع الراس
عندما آكل أشعر بطني يؤلمني,ألم المعدة
عندما أستيقظ ، أشعر بالدوار وتسقط.,الشعور بالدوار
عندما أذهب للوقوف ، يبدأ رأسي في الدوران,الشعور بالدوار
عندما أرفع ذراعي لدي وجع في كتفي,الم الكتف
عندما أتحرك على كتفي ، يسقط الألم من ذراعي,الم الكتف
عندما أرفع يدي أشعر بألم في كتفي.,الم الكتف
عندما أقف بسرعة كبيرة أشعر وكأنني سأغمى عليه.,الشعور بالدوار
عندما أفكر بوالديّ أشعر بالألم,الألم العاطفي
عندما حاولت الرد على مكالمة phine ، وجدت أنه لا يمكنني سماع صوت المتحدث,ألم الأذن
عندما أمشي ، أشعر بألم بطعنة في أعلى قدمي,آلام القدم
عندما أمشي ، يصعب التنفس.,من الصعب التنفس
عندما أصعد الدرج ، ركبتني اليمنى تؤلمني.,ألم الركبة
عندما أقود عيني انظر في ضعف,رؤية ضبابية
عندما أكون مرتفعة للغاية ، أشعر بالدوار,الشعور بالدوار
عندما مات والدي شعرت بألم عاطفي شديد,الألم العاطفي
أمس شعرت بألم أشد قشعريرة,الم الكتف
لن تصدقني ، لكن هذا الجرح المصاب على يدي من قطع ورق لم أتعامل معه بجدية.,جرح مصاب
آلام الأمعاء المزمنة,ألم داخلي
آلام القلب كثيرا,القلب يؤلم
آلام في المعدة بعد شرب الحليب,ألم المعدة
أتعب بسرعة كبيرة ، بالكاد أستطيع ارتداء ملابسي في الصباح.,يشعر الجسم بالضعف
أجد صعوبة في القراءة لأن الحروف كلها غامضة,رؤية ضبابية
أجد صعوبة في تحريك رقبتي,الم الرقبة
أحب أن أسير وأكون بالخارج لكن قيعان قدمي تتألم بسرعة.,آلام القدم
أحتاج إلى نوع من الكريم الذي يجعل عضلاتي أكثر استرخاء,ألم عضلي
أحصل على كسور على صدري مع بقع حمراء تزداد شدة عندما أتسخ.,حب الشباب
أحيانًا أشعر وكأنني مخلب على صدري يجعلني أتنفس.,من الصعب التنفس
أحيانا جسدي يشعر الأسبوع دون سبب,يشعر الجسم بالضعف
أذني اليسرى على ما يرام ، لكن الأذن اليمنى تبدو وكأنها تُطعن بمسمار.,ألم الأذن
أذني تؤلم وهي أسوأ عندما ابتلع. أذني مؤلمة للغاية ولم يساعد تايلينول.,ألم الأذن
أذني تؤلمني بشدة,ألم الأذن
أذني ترن.,ألم الأذن
أستيقظ في الليل أشعر بالبرد,الشعور بالبرد
أسعل كثيراً عندما أشم رائحة العطر ، ما هو الخطأ في رئتي؟,سعال
أشعر أن الرضفة تشبه عظمة العظام عندما أمشي.,ألم الركبة
أشعر أن شيئًا ما يضغط على رئتي.,من الصعب التنفس
أشعر أن قلبي يحترق.,القلب يؤلم
أشعر أن هناك شيء منتفخ وملتهب في مؤخرة ركبتي.,ألم الركبة
أشعر أنني ذهبت إلى عيادة الوخز بالإبر وكان لدي 100 إبرة في كتفي,الم الكتف
أشعر أنني لا أستطيع أن أتحمل أكثر من ذلك ، أشعر بالإرهاق وكأنني لا أستطيع الحصول على استراحة.,الألم العاطفي
أشعر أنه من الصعب التنفس بالنسبة لي خاصة بعد الجري أو بذل أي جهد,من الصعب التنفس
أشعر بألم ، الكثير من الألم في قلبي,الألم العاطفي
أشعر بألم المفاصل في كل مرة أتحرك فيها,الم المفاصل
أشعر بألم حاد في المعدة بعد تناول الطعام,ألم المعدة
أشعر بألم حاد في رأسي عندما أفكر بشدة.,صداع الراس
أشعر بألم حاد في معدتي,ألم داخلي
أشعر بألم حاد في معدتي السفلية.,ألم المعدة
أشعر بألم حاد في مفصل الكاحل عندما أقف.,الم المفاصل
أشعر بألم حاد ونقر صوت في مفصل الكاحل عندما أحاول الوقوف عليه والمشي.,الم المفاصل
أشعر بألم داخلي كلما أصبت بالبرد.,ألم داخلي
أشعر بألم شديد في المعدة,ألم المعدة
أشعر بألم شديد في المفاصل.,الم المفاصل
أشعر بألم شديد في ركبتي بعد أن أصيب خلال مباراة كرة القدم.,إصابة من الرياضة
أشعر بألم شديد في قدمي بعد لعب إحدى الألعاب الرياضية,إصابة من الرياضة
أشعر بألم شديد في كتفي عندما أحاول رفع شيء ثقيل,الم الكتف
أشعر بألم شديد في معدتي,ألم المعدة
أشعر بألم شديد في مفصل كتفي ولا يزول,الم المفاصل
أشعر بألم شديد في منطقة معدتي.,ألم المعدة
أشعر بألم عاطفي كبير بعد أن انفصلت عن صديقتي.,الألم العاطفي
أشعر بألم على الجانب الأيسر من صدري حيث قلبي,القلب يؤلم
أشعر بألم غريب وقوي داخل القفص الصدري,القلب يؤلم
أشعر بألم في أذني مع طنين,ألم الأذن
أشعر بألم في أسفل الظهر,ألم في الظهر
أشعر بألم في الأذن عندما يكون الجو باردًا,ألم الأذن
أشعر بألم في البطن,ألم المعدة
أشعر بألم في الداخل لا أعرف ما هو,ألم داخلي
أشعر بألم في الداخل ولا أستطيع التعرف عليه,ألم داخلي
أشعر بألم في الرأس الأمامي وعندما أحصل عليه يزعجني الضوء.,صداع الراس
أشعر بألم في الركبة,ألم الركبة
أشعر بألم في الركبة عند المشي,ألم الركبة
أشعر بألم في الركبة عندما أمشي كثيرًا,ألم الركبة
أشعر بألم في القلب عندما أمشي كثيرًا,القلب يؤلم
أشعر بألم في القولون وبطني مثل شيء قطعه,ألم المعدة
أشعر بألم في الكتف عندما أحاول حمل البقالة.,الم الكتف
أشعر بألم في المفصل عندما أحاول ثني ساقي أو ذراعي,الم المفاصل
أشعر بألم في جسدي,ألم داخلي
أشعر بألم في داخلي.,ألم داخلي
أشعر بألم في رقبتي,الم الرقبة
أشعر بألم في رقبتي,الم الرقبة
أشعر بألم في رقبتي بعد الاستيقاظ,الم الرقبة
أشعر بألم في ركبتي,ألم الركبة
أشعر بألم في ركبتي عندما أتسلق الدرج.,الم المفاصل
أشعر بألم في ركبتي عندما أمشي,الم المفاصل
أشعر بألم في ظهري,ألم في الظهر
أشعر بألم في ظهري,ألم في الظهر
أشعر بألم في عيني أستطيع رؤية الضباب,رؤية ضبابية
أشعر بألم في قدمي,آلام القدم
أشعر بألم في قلبي,القلب يؤلم
أشعر بألم في قلبي عندما أستيقظ,القلب يؤلم
أشعر بألم في كتفي الأيمن بعد مباراة التنس.,إصابة من الرياضة
أشعر بألم في كتفي عندما أكتب على لوحة المفاتيح.,الم الكتف
أشعر بألم في معدتي,ألم المعدة
أشعر بألم في معدتي,ألم المعدة
أشعر بألم في مفصلي بعد إصابة في مباراة كرة القدم الأخيرة التي لعبتها.,الم المفاصل
أشعر بألم كبير في كتفي الأيسر,الم الكتف
أشعر بإحساس النقر في ركبتي في كل مرة أخطو فيها.,الم المفاصل
أشعر بالألم عند فراق أحبائك,الألم العاطفي
أشعر بالألم عندما أفكر بها,الألم العاطفي
أشعر بالانتحار.,الألم العاطفي
أشعر بالبرد على الرغم من أننا في الصيف.,الشعور بالبرد
أشعر بالبرد على الرغم من ارتفاع درجة الحرارة,الشعور بالبرد
أشعر بالبرد عندما يحين الليل,الشعور بالبرد
أشعر بالبرد والرعشة على الرغم من أن ملابسي ثقيلة,الشعور بالبرد
أشعر بالبرودة ، مثل مكعب ثلج. قالت شقيقتي إنها بحاجة إلى عدة بطانيات لتغطيتها حتى تكون دافئة بما يكفي.,الشعور بالبرد
أشعر بالحزن طوال الوقت.,الألم العاطفي
أشعر بالحزن مثل الألم أو الألم,الألم العاطفي
أشعر بالدوار بعد الإسهال الشديد,الشعور بالدوار
أشعر بالدوار بعد القيام بجهد عضلي.,الشعور بالدوار
أشعر بالدوار عندما أقف,الشعور بالدوار
أشعر بالدوار عندما أقفل أمام جهاز الكمبيوتر المحمول لمدة ساعة أو ساعتين ، فماذا يمكن أن يكون السبب؟,الشعور بالدوار
أشعر بالدوار كلما وقفت.,الشعور بالدوار
أشعر بالدوخة,الشعور بالدوار
أشعر بالسوائل في محاولة الصعود عندما أسعل.,سعال
أشعر بالضعف الشديد في جسدي,يشعر الجسم بالضعف
أشعر بالضعف في كل مكان.,يشعر الجسم بالضعف
أشعر بالوخز العميق عندما ألمس حب الشباب متبوعًا بإحساس سيء,حب الشباب
أشعر ببعض الألم عندما أتجول حول ركبتي,الم المفاصل
أشعر بحرقان في عضلات كتفي.,ألم عضلي
أشعر بخيبة أمل,الألم العاطفي
أشعر بزيادة معدل ضربات القلب مع وخز,القلب يؤلم
أشعر بصعوبة شديدة في التنفس,من الصعب التنفس
أشعر بصلابة في مرفقي وكتفي,الم المفاصل
أشعر بضغط كبير في صدري,من الصعب التنفس
أشعر بضيق في صدري,من الصعب التنفس
أشعر بعدم الراحة في جميع أنحاء الجسم بشكل عام,يشعر الجسم بالضعف
أشعر بقدر كبير من ضغط رأسي.,صداع الراس
أشعر وكأن شيئًا ما يتم طعنه في مفاصلي,الم المفاصل
أصبت بالبرد في آخر مرة سافرت فيها بالطائرة وما زلت أشعر بعدم ارتياح في أذني.,ألم الأذن
أصبت بممارسة الرياضة,إصابة من الرياضة
أصيب خلال مباراة لكرة القدم ، تم تشخيصي بالرباط الصليبي,إصابة من الرياضة
أصيب ظهري أثناء الرفع في صالة الألعاب الرياضية,إصابة من الرياضة
أصيبت يدي مفتوحة الجرح,جرح مصاب
أعاني من آلام في الركبة في الرضفة بعد التمرين.,ألم الركبة
أعاني من آلام في المعدة وانتفاخ مستمر.,ألم داخلي
أعاني من آلام في ساقي اليسرى,الم الكتف
أعاني من آلام قوية في الكتف,الم الكتف
أعاني من ألم داخلي لا يمكنني وصفه,ألم داخلي
أعاني من ألم شديد في صدري بسبب إصابة في القلب,القلب يؤلم
أعاني من ألم عضلي شديد منذ أن ذهبت إلى صالة الألعاب الرياضية,ألم عضلي
أعاني من ألم في الظهر منذ أن بلغت السبعين من العمر.,ألم في الظهر
أعاني من ألم في الظهر منذ أن سقطت على الأرض.,ألم في الظهر
أعاني من ألم في القدم بعد الركض لمسافة 500 متر مع حذائي.,آلام القدم
أعاني من ألم في الكتف بعد القيام بأي عمل في المنزل.,الم الكتف
أعاني من ألم في عضلي,ألم عضلي
أعاني من البرد وهذا يجعلني أسعل كثيرًا,سعال
أعاني من السعال الحاد يرافقه البلغم,سعال
أعاني من الصداع كل يوم تقريبًا,صداع الراس
أعاني من سعال جاف شديد,سعال
أعاني من سعال شديد,سعال
أعاني من صداع رهيب كل بضعة أشهر وعندما أحصل عليه يتأثر رؤيتي.,صداع الراس
أعاني من كسر في الجلد داخل إحدى أنفي ، أصيب بالعدوى ومليء بالصديد.,جرح مصاب
أعتقد أن جرحي مصاب,جرح مصاب
أعتقد أن هناك سائلا في أذني.,ألم الأذن
أعتقد أنني أصبت في كاحلي فهذا يؤلمني حقًا.,إصابة من الرياضة
أعتقد أنني بالغت في ذلك عندما حملت كل هذا الخشب من الفناء. ظهري السفلي يقتلني.,ألم في الظهر
أفقد الكثير من شعري,تساقط الشعر
أفقد الكثير من شعري,يشعر الجسم بالضعف
ألم شديد في الأذن,ألم الأذن
ألم شديد في الجانب الأيسر العلوي من الصدر وقد يعاني من ألم في الظهر,القلب يؤلم
أمراض العظام المزمنة على مستوى الزوجي في الجزء السفلي من Extremidades,ألم الركبة
أنا أشعر بالحزن,الألم العاطفي
أنا أكافح من أجل تحمل وزني على ركبتي ، عندما أقف مستقيماً أشعر وسماع ضوضاء عالية.,ألم الركبة
أنا أكره حب الشباب.,حب الشباب
أنا بحاجة لعلاج تساقط شعري,تساقط الشعر
أنا قلق على قيادتي ، لأنني بالكاد أستطيع التركيز عندما أكون في عجلة القيادة ، وعيني تشعر بالدموع.,رؤية ضبابية
أنا قلق للغاية من أنني سأذهب أصلعًا قريبًا. هل أنا مريض جدا؟,تساقط الشعر
أنا لا أسمع جيدا لدي مشكلة في أذني,ألم الأذن
أنا لا أعرف لماذا أنا حزين باستمرار.,الألم العاطفي
أنا لست بخير أنا أشعر بالبرد الشديد,الشعور بالبرد
أنا مصاب ولا أستطيع ممارسة الرياضة,إصابة من الرياضة
أنفي مزدحم طوال الوقت وهناك هذا الإفراز الغراء في حلقي مما يجعل من المستحيل بالنسبة لي النوم. كثيرا ما أضطر إلى قيلولة الجلوس.,من الصعب التنفس
أواجه مشاكل في رؤية الأشياء تبدو وكأنها سحابة على عيني كل شيء غير واضح,رؤية ضبابية
ابني لديه الكثير من حب الشباب.,حب الشباب
احمرار وتورم وصعوبة في المشي,ألم الركبة
استنزاف الاستحمام الخاص بي مليء بالشعر في كل مرة.,تساقط الشعر
اشعر بالضعف,يشعر الجسم بالضعف
اصطدمت بالأرض عندما حاولت إطلاق كرة السلة,إصابة من الرياضة
الألم شديد خاصة عندما أصعد الدرج ، أشعر وكأن شيئًا ما قد انقطع داخل ركبتي.,ألم الركبة
الألم في أذني لا يطاق.,ألم الأذن
الأمراض المزمنة لبصيلات الشعر والغدد الدهنية,حب الشباب
الإحساس الساحق على قلبي يجعلني أتنفس.,القلب يؤلم
التهابات الجروح الجراحية,جرح مصاب
الجرح مازال مفتوحا,جرح مفتوح
الحكة داخل أذني.,ألم الأذن
الزجاج المكسور والجرح في ساقي الجرح واسع جدا,جرح مفتوح
المرض المزمن لبصيلات الشعر والغدد الدهنية.,حب الشباب
انكسر وجهي في بقع حمراء وكتل مؤلمة ، بغض النظر عن مقدار نظفي وجهي لا يبدو أنه يزول.,حب الشباب
بالكاد لدي القوة الكافية للنهوض ،,يشعر الجسم بالضعف
بدأت العضلة ذات الرأسين تتألم بعد أن ذهبت إلى صالة الألعاب الرياضية,ألم عضلي
بشرتي جافة جدا و مقشرة.,مشكلة الجلد
بشرتي حكة وملتهبة,مشكلة الجلد
بشرتي حكة.,مشكلة الجلد
بعد الانفصال أشعر بشيء غريب في داخلي.,الألم العاطفي
بعد المشي أشعر ببعض الألم تحت قدمي,آلام القدم
بلعتي تبتلع مما يشير إلى إصابتي بجرح,جرح مصاب
تؤلم ركبتي عندما أمشي,ألم الركبة
تؤلم عضلات كتفي عندما أحاول الوصول.,ألم عضلي
تؤلمني ركبتي عندما ألعب الاسكواش,ألم الركبة
تتأذى أقواس قدمي عندما أرتدي الكعب,آلام القدم
تحتاج إلى خدش بشرتي كل دقيقة,مشكلة الجلد
تشعر رئتي بثقل كأنها مليئة بالمخاط,سعال
تصدع الجمجمة الساقطة مثل المكسرات,صداع الراس
تعانى من البرد الشديد والسعال,سعال
تعرضت الأعصاب للتلف الشديد أثناء العملية على كاحلي لدرجة أنني لم أستطع تحمل ملامستها للندبة.,آلام القدم
تم اكتشاف أن لديه جرح مفتوح.,جرح مفتوح
تم تشخيصي بالالتهاب الرئوي ، لا أستطيع التنفس بسهولة.,من الصعب التنفس
تمزق أو تمزق أو فتح في الجلد,جرح مفتوح
تمزق أو تمزق أو فتح في الجلد,جرح مفتوح
تنتفخ ركبتي مباشرة أسفل غطاء الركبة وتؤذي عندما أضع وزني عليها.,ألم الركبة
جانبي الأيسر يؤلمني كثيرا,ألم داخلي
جراحات جراحية حمراء ، صديد حارق ، مؤلم وساخن عند اللمس,جرح مصاب
جرحي المصاب يسبب الحمى,مشكلة الجلد
جسدي يتألم من الداخل بين الوركين والكتفين.,ألم داخلي
جسدي يشعر بالضعف بعد يومي الأول في صالة الألعاب الرياضية ، لماذا؟,يشعر الجسم بالضعف
جسدي يشعر بالضعف على الرغم من أنني أتناول الفيتامينات بانتظام.,يشعر الجسم بالضعف
جسدي يشعر بالضعف وحاولت جعله يسترخي لكنه لا يزال يؤلمني,يشعر الجسم بالضعف
حاولت وضع نظارتي لرؤية أكثر وضوحا ولكن لا أستطيع العثور على أي تغيير,رؤية ضبابية
حب الشباب جعلني أشعر بالحرج.,حب الشباب
حب الشباب في صدري ينفجر ولا يزيله.,حب الشباب
حصلت على حب الشباب عندما أكلت الفلفل الحار,حب الشباب
حكة في مقدمة ووسط فروة الرأس,تساقط الشعر
حكة وحب الشباب.,حب الشباب
حلقي مؤلم للغاية.,الم الرقبة
دكتور. أشعر بألم غريب وقوي داخل القفص الصدري,القلب يؤلم
رأسي ثقيل جدا لا أستطيع التفكير بشكل طبيعي,صداع الراس
رأسي يؤلمني عندما أفعل ذلك.,صداع الراس
رقبتي تزعجني لا أستطيع النوم بسببها,الم الرقبة
رقبتي تشعر بصلابة,الم الرقبة
ركبتي تؤلمني بشدة.,الم المفاصل
ركبتي تمسك وتؤلم عندما أقف لأول مرة بعد الجلوس.,ألم الركبة
ركبتي لا تريد أن تنحني جيدًا.,ألم الركبة
زوجي تركني لامرأة أخرى ، قلبي يؤلمني بشدة لدرجة أنني لا أستطيع الأكل أو النوم.,القلب يؤلم
سافرت بالطائرة منذ أيام قليلة ، وهذه المرة أثناء هبوط أذني بقيت مسدودة ومؤلمة.,ألم الأذن
سعالتي ثقيل جدا ولدي مخاط.,سعال
سقطت عن دراجتي ومنذ ذلك الحين كنت أعاني من آلام شديدة في الركبة,ألم الركبة
سقوط رهيب في الشعر,تساقط الشعر
سماع أي أصوات عالية يجعل آذني تؤلمني,ألم الأذن
شعري ليس على ما يرام,تساقط الشعر
شعري يتساقط,تساقط الشعر
شعري يتساقط بدون سبب ، أستطيع أن أرى الكثير من الشعر على مكتبي.,تساقط الشعر
شعري يتساقط بكمية كبيرة,تساقط الشعر
شعري يتساقط في باقات.,تساقط الشعر
شعري يخرج في أجزاء ، خاصة عندما أغسله,تساقط الشعر
صدري يؤلمني عندما أدخن,ألم داخلي
ضربت رأسي في مباراة كرة السلة. هل يمكنني الحصول على ارتجاج؟,إصابة من الرياضة
ضربت نفسي ولا أريد الشفاء,جرح مفتوح
طرقت قدمي وهذا يؤلمني حقًا.,آلام القدم
طفلي يعاني من السعال طوال الليل ، لا يمكنها النوم,سعال
ظهري يؤلمني كثيرا,ألم في الظهر
ظهري يؤلمني كثيرا,ألم في الظهر
ظهري يؤلمني كثيرا عندما أنحني,ألم في الظهر
ظهري يؤلمني كثيرًا ولا يمكنني الانحناء لربط أربطة حذائي.,ألم في الظهر
ظهري يؤلمني ولا أستطيع ثنيها أو المشي,ألم في الظهر
عادة ما أعاني من سعال شديد عندما أصبت بالإنفلونزا.,سعال
عانيت من جرح عميق في يدي ولا أستطيع إيقاف النزيف,جرح مصاب
عدم القدرة على الصلابة في النظر لليمين أو لليسار إلا بتحريك الجسم كله,الم الرقبة
عسر الهضم,ألم المعدة
عضلات أسفل الظهر تؤلمني,جرح مصاب
عضلات أسفل الظهر تؤلمني.,ألم عضلي
عضلات البطن لدي ألم كبير منذ أن كنت في GYM,ألم عضلي
عضلاتي تشعر بالتعب,يشعر الجسم بالضعف
على الرغم من أنني شخص بالغ ، فإن وجهي لا يزال يندلع في البثور.,حب الشباب
عندما أتذكرها أشعر بالإحباط,الألم العاطفي
عندما أتناول الكثير من السكر يصبح جسدي ضعيفاً ودائراً.,يشعر الجسم بالضعف
عندما أجبر عيني على الرؤية يكون لدي رؤية ضبابية.,رؤية ضبابية
عندما أحمل أشياء ثقيلة أشعر برغبة في كسر ظهري,تساقط الشعر
عندما أحمل أشياء ثقيلة أشعر برغبة في كسر ظهري,ألم في الظهر
عندما أخرج من الفراش في الصباح ، يشعر جسدي بالضعف الشديد.,يشعر الجسم بالضعف
عندما أذهب للنوم أشعر بالبرد,الشعور بالبرد
عندما أستيقظ أرى بشرتي غامضة,مشكلة الجلد
عندما أستيقظ أشعر بالبرد,الشعور بالبرد
عندما أستيقظ في الصباح أشعر بألم في جسدي,ألم عضلي
عندما أستيقظ في الصباح أشعر بالدوار,الشعور بالدوار
عندما أشعر بالتعب أشعر أن رأسي ثقيل,صداع الراس
عندما أعطس بشدة أشعر بألم في الأذن,ألم الأذن
عندما أقف ، أشعر أنني سأقع على الفور,الشعور بالدوار
عندما أقف أشعر بالدوار لا أعرف لماذا,الشعور بالدوار
عندما أقف أشعر بالدوار.,الشعور بالدوار
عندما أقف بسرعة كبيرة بدأت أشعر بالدوار ورأس خفيف,الشعور بالدوار
عندما أقف سريعًا تكون رؤيتي ضبابية.,رؤية ضبابية
عندما أقوم بتحريك كتفي ، يبدو الأمر وكأن البرق يتم إرساله من خلال كتفي,الم الكتف
عندما أكل السكر ألاحظ طمس رؤيتي.,رؤية ضبابية
عندما أكون مستيقظًا في الصباح أشعر بغرابة وأصاب بدوار,الشعور بالدوار
عندما ألعب الرياضة ، أشعر ببعض الإحساس بالحرقة في العمود الفقري,ألم في الظهر
عندما ألعب كرة القدم أشعر بألم في العضلات.,ألم عضلي
عندما ألعب كرة القدم أشعر بألم في المفاصل.,الم المفاصل
عندما أمارس الرياضة أشعر بألم تحت بشرتي,ألم عضلي
عندما أمد ساقي هناك ألم في مفصل الركبة,الم المفاصل
عندما أنظف شعري لاحظت كتل كبيرة من الشعر تخرج في الفرشاة.,تساقط الشعر
عندما استيقظت وجدت أنني أعاني من آلام في المعدة وحاولت تناول الدواء ولكن معدتي لا تزال تؤلمني,ألم المعدة
عندما انحني أشعر بآلام في ظهري,ألم في الظهر
عندما حاولت أن أكون دافئًا وارتدي المزيد من الملابس ، وجدت أنني ما زلت باردًا,الشعور بالبرد
عندما حاولت الاعتناء إذا شعر شعري أنه يتساقط,تساقط الشعر
عندما كنت أغسل شعري كان يتساقط بشدة,تساقط الشعر
عندما كنت صغيرًا تعرضت لإصابة في الرياضة في ركبتي.,إصابة من الرياضة
عندما لعبت كرة القدم خلعت كتفي,إصابة من الرياضة
غالبًا ما أشعر بألم حاد في صدري ولا أستطيع أن أفهم ما أفعله والذي قد يسببه.,القلب يؤلم
فتحت جرحي مرة أخرى,جرح مفتوح
في أي وقت ألعب التنس أشعر بألم في الكتف,الم الكتف
في بعض الأحيان عندما يكون الجو باردًا بالخارج ، يؤلم وجهي ، خاصةً حول البثور المستعدة للانفجار.,حب الشباب
في كل مرة أبذل جهداً ، شعرت بالدوار.,الشعور بالدوار
في كل مرة أتنفس فيها بعمق ، أبدأ في السعال,سعال
قام ابني بالضغط على بثرة وانفصلت عن الجرح فقط ويبدو الآن أنها مصابة.,جرح مصاب
قام ابني بخلع رقبته بشفرة حلاقة قديمة وقد أصيبت هذه البقعة بالالتهاب ويبدو أنها مصابة.,جرح مصاب
قام حفيدي بقطع قدمه على صدف في المحيط والآن أصبحت قدمه رمادية ومنتفخة.,جرح مصاب
قامت ابنتي بتقطيع حاجبيها وسحبت فتحة من الجلد في أحد حواجبها المنتفخة والنازفة.,جرح مصاب
قدمي تؤلمني كثيرا.,آلام القدم
قدمي تؤلمني ولا أستطيع قلبها. ربما مكسورة.,آلام القدم
قرأت كتابًا طوال الوقت وعندما انتهيت من القراءة شعرت بألم في الرأس,صداع الراس
قرحة بلدي لا تلتئم بشكل جيد وكان الأمر كذلك لمدة أسبوعين.,جرح مفتوح
قطعت إصبعي يفتح العلبة ، لن يتوقف النزيف والجرح ينفتح وينفتح,جرح مفتوح
قطعت طرف إصبعي بينما كنت أقطع بعض الورق المقوى ولا أستطيع إيقاف النزيف.,جرح مفتوح
قطعت يدي قبل أسبوعين ، وعلى الرغم من أنني أستمر في استخدام كريم مضاد حيوي ، إلا أنه لا يتحسن.,جرح مصاب
قطعت يدي منذ يومين وعلى الرغم من أنني لم أكن أعتقد أنني بحاجة إلى غرز ، إلا أنها لم تغلق.,جرح مفتوح
قلبي يؤلمني,القلب يؤلم
قلبي يضخ بسرعة وأنا أجد صعوبة في التنفس.,من الصعب التنفس
قلبي ينبض بسرعة ويخيفني.,القلب يؤلم
كاحلي يؤلمني,الم المفاصل
كان أسوأ صداع أثناء صداع الكحول في العشرينيات من عمري: اعتقدت بصدق أنني سأموت بسبب التهاب الدماغ.,صداع الراس
كان ابني مثقوبًا في شفته وهو منتفخ وجلد داخل شفته رمادي ويبدو مصابًا.,جرح مصاب
كان لدى ابني قناة جذرية وقطع طبيب الأسنان داخل خده عن طريق الخطأ والآن لن يشفى.,جرح مصاب
كان لدي الكثير من التمارين بالأمس لذا أشعر بألم حاد في العضلات,ألم عضلي
كان لدي تصادم أثناء لعب كرة القدم. انحسرت ركبتي وهي الآن غير مستقرة.,إصابة من الرياضة
كان لدي قطع تم خياطتها معًا ولكنها لا تلتئم. ناز هرة وحروق خضراء.,جرح مصاب
كانت ابنتي قليلا بقطتها والآن أصبحت يدها مؤلمة وحمراء ومتورمة والجرح ناز سائل.,جرح مصاب
كانت ابنتي مثقوبة في أذنيها وأحد فصوص أذنها حمراء زاهية وحارقة ساخنة.,جرح مصاب
كانت رقبتي مؤلمة منذ الحادث.,الم الرقبة
كانت قدمي تؤلمني منذ الثلاثاء الماضي.,آلام القدم
كتفي الأيمن ينقر عندما أحرك ذراعي.,الم الكتف
كتفي يؤلمني,الم الكتف
كتفي يؤلمني عندما أحاول رفع خمسة أرطال.,الم الكتف
كثيرا ما أشعر بألم في المعدة بعد تناول الطعام. لم أتمكن من تحديد الأطعمة التي قد تكون الزناد.,ألم المعدة
كسر صدري مع البثور الحمراء والرؤوس البيضاء.,حب الشباب
كسرت كاحلي أثناء القيام بتسلق الصخور في منطقة الكاربات.,إصابة من الرياضة
كل شيء يبدو وكأنه في منطقة مدخنة.,رؤية ضبابية
كل صباح عندما أستيقظ أشعر أني نمت في الخطأ.,ألم عضلي
كنت أتفجر على وجهي كثيرًا,حب الشباب
كنت أسافر بالسفن وأشعر بالدوار.,الشعور بالدوار
كنت أشاهد التلفاز وفجأة أصبح لدي رؤية ضبابية,رؤية ضبابية
كنت أشعر بالحزن الشديد مؤخرًا,الألم العاطفي
كنت أشعر بضيق التنفس بعد صعود عشرات السلالم ، لكنني الآن أعاني من التنفس حتى عندما أجلس.,من الصعب التنفس
كنت أعاني من حب الشباب عندما كان عمري 15 سنة,حب الشباب
كنت ألعب كرة السلة أمس ، لقد أصبت في الكاحل,إصابة من الرياضة
كنت ألعب كرة القدم وإصابات بألم في المفاصل.,الم المفاصل
كنت ألعب كرة القدم ولفت كاحلي,إصابة من الرياضة
كيف تعرف إذا كان لديك غضروف مفصلي في ركبتك؟,ألم الركبة
لا أستطيع أن أدر رقبتي إلى اليسار دون أن أشعر بألم طعني,الم الرقبة
لا أستطيع أن أفعل أي شيء أشعر بالضعف في جسدي,يشعر الجسم بالضعف
لا أستطيع التنفس بسبب السعال,سعال
لا أستطيع التنفس بسبب هذا الألم الباهت تحت كتفي الأيسر.,القلب يؤلم
لا أستطيع التوقف عن السعال,سعال
لا أستطيع التوقف عن السعال.,سعال
لا أستطيع الحصول على صديقة بسبب حب الشباب.,حب الشباب
لا أستطيع القفز على قدمي اليسرى لأن كسر ثلاثي في ​​الكاحل تركني مع آلام لا تنتهي.,آلام القدم
لا أستطيع القيام بأي تمرين ، أشعر بالضعف,يشعر الجسم بالضعف
لا أستطيع المشي ، ركبتي تؤلمني,ألم الركبة
لا أستطيع المشي لأن لدي وجع قدم عظيم,آلام القدم
لا أستطيع النوم بسبب البرد,إصابة من الرياضة
لا أستطيع النوم بسبب السعال,سعال
لا أستطيع النوم لدي سعال شديد,سعال
لا أستطيع الوقوف أو الجلوس لدي ألم في ظهري يزعجني,ألم في الظهر
لا أستطيع تحريك رأسي لأعلى ولأسفل.,الم الرقبة
لا أستطيع تحريك ساقي ، هناك ألم في المفصل,الم المفاصل
لا أستطيع تحريك كتفي بسبب الألم,الم الكتف
لا أستطيع تحمل أي شيء لدي ألم في كتفي,الم الكتف
لا أستطيع تحمل هذا الشعور الرهيب في كتفي,الم الكتف
لا أستطيع ركوب سيارتي في الليل لأن لدي رؤية ضبابية.,رؤية ضبابية
لا أشعر أنني بخير ولا أستطيع أن أتنفس,من الصعب التنفس
لا أعرف لماذا أشعر بالبرد,الشعور بالبرد
لا أفعل أي شيء في المنزل وما زلت أشعر بالإرهاق.,يشعر الجسم بالضعف
لا استطيع ان ارى جيدا,رؤية ضبابية
لا استطيع ان ارى علامة لدي رؤية ضبابية,رؤية ضبابية
لا تبكي,الم المفاصل
لا يمكن الحفاظ على التركيز,صداع الراس
لا يمكنني تحمل هذا الشعور الرهيب في معدتي,ألم المعدة
لا يمكنني تدوير رقبتي,الم الرقبة
لدي آلام في أعلى وأسفل ظهري.,ألم في الظهر
لدي ألم حاد في رقبتي,الم الرقبة
لدي ألم خفيف في رأسي,صداع الراس
لدي ألم داخلي,ألم داخلي
لدي ألم شديد داخل رقبتي,الم الرقبة
"لدي ألم عضلي أن ظهري
أعاني من آلام في عضلي",آلام القدم
لدي ألم في آثاري,ألم عضلي
لدي ألم في مفصلي,الم المفاصل
لدي ألم مثل الإبر في مفاصلي.,الم المفاصل
لدي ألم ولكن لا يمكنني تحديد المكان,ألم داخلي
لدي ألم يشع من الورك الأيمن إلى القفص الصدري. إنه في أسوأ حالاته عندما أتبول.,ألم داخلي
لديّ أنف جري,الشعور بالبرد
لدي إحساس بالطفح الجلدي بالقرب من ذراعي,مشكلة الجلد
لدي الكثير من المخاط عندما أسعل.,سعال
لدي انقسام على إبهامى لن يلتئم.,جرح مفتوح
لدي بثور في بقع مع الكثير من الاحمرار على وجهي.,حب الشباب
لدي بقع داكنة على بشرتي,مشكلة الجلد
لدي ثورات على وجهي تأتي وتذهب.,حب الشباب
لدي جرح مفتوح في ذراعي,جرح مفتوح
لديّ جروح على قدمي أصيبت بالعدوى من استخدام الدشات في صالة الألعاب الرياضية.,جرح مصاب
لدي جلبة على ظهر يدي لن تختفي.,مشكلة الجلد
لدي جلد جاف,مشكلة الجلد
لدي حب الشباب في جميع أنحاء وجهي,حب الشباب
لدي حب الشباب في وجهي ومشاكل أخرى في جلدي مثل الحكة,مشكلة الجلد
لدي حب الشباب في وجهي ومشاكل أخرى في جلدي مثل الحكة,مشكلة الجلد
لدي حلق جاف,سعال
لدي خفقان في مفاصلي,الم المفاصل
لدي ديا,القلب يؤلم
لديّ رؤية ضبابية أثناء تدريبي على السباحة في المسبح ، لماذا؟,رؤية ضبابية
لدي رؤية ضبابية منذ أن استيقظت هذا الصباح ، ماذا يمكن أن يكون السبب؟,رؤية ضبابية
لدي رؤية ضبابية.,رؤية ضبابية
لدي شعور بأن جسمي كله يشكو,الم المفاصل
لدي طفح جلدي أحمر يسبب حكة في بشرتي,مشكلة الجلد
لدي طفح جلدي على بشرتي,مشكلة الجلد
لدي طفح جلدي غريب على ذراعي,آلام القدم
لدي طفح جلدي وحكة شديدة.,مشكلة الجلد
لدي عيون غائمة,رؤية ضبابية
لدي كسر في الجلد بين إصبعي وإبهامتي ولن يغلق.,جرح مفتوح
لدي مشكلة في أذني الوسطى بسبب العدوى,ألم الأذن
لدي مشكلة في انتهاء الصلاحية لأن لدي ربو قصبي,من الصعب التنفس
لدي مشكلة في رؤية الأشياء من الصعب جداً رؤيتها,رؤية ضبابية
لدي مشكلة في ظهري لا أستطيع تمديدها,ألم في الظهر
لدي معاناة نفسية,الألم العاطفي
لدي نقص في الشعر,تساقط الشعر
لدي هذا الطفح الجلدي الغريب على ذراعي.,مشكلة الجلد
لدي وجع أذن لا يزول. ليس لدي نزلة برد أو صداع أو أي أعراض أخرى. مجرد آلام في الأذن.,ألم الأذن
لدي وجع في القدم على الرغم من أنني لا أمشي كثيرًا.,آلام القدم
لدي وجع قدم في الشتاء ، أو عندما تشعر بالبرد ، لماذا؟,آلام القدم
لقد أصبت بنفسي أثناء مباراة كرة القدم,إصابة من الرياضة
لقد استخدمت الكثير من مسكن الألم للتحسن ولكن ما زلت أشعر بنفس آلام الظهر,ألم في الظهر
لقد بدأت في أخذ دروس السباحة وأعتقد أنني ابتلعت الكثير من الماء من خلال أنفي ، لأن هذا التهاب الجيوب الأنفية يقتلني الآن.,إصابة من الرياضة
لقد تعرضت لحادث وكان جرحى مفتوحا عندما وصلت إلى المستشفى,جرح مفتوح
لقد تم تشخيصي بفقر الدم بعوز B12 ، وهو ما يفسر سبب شعوري بالبرد دائمًا.,الشعور بالبرد
لقد توقفت عن الرياضة لأنني أصاب من الرياضة,إصابة من الرياضة
لقد جربت الكثير من الكريم ولكن ما زلت أشعر بنفس مشكلة الجلد,مشكلة الجلد
لقد حاولت تخفيفها ولكن لا أستطيع,يشعر الجسم بالضعف
لقد حاولت قراءة الكتب ، ولكن لا شيء يمكن أن يسعدني.,الألم العاطفي
لقد حصلت على الطلاق العام الماضي ولا يمكنني التوقف عن الخوض في كيفية الانتقام من زوجي السابق.,الألم العاطفي
لقد عانيت من هذا السعال لمدة أسبوعين.,سعال
لقد قطعت إصبعي بسبب لعب كرة القدم وأنا أضع كريم تخفيف الآلام ولكنه لا يساعد,إصابة من الرياضة
لقد قطعت إصبعي بسبب لعب كرة القدم ويجب أن أضع كريمًا لتخفيف الآلام ولكنه لا يساعد,إصابة من الرياضة
لقد قطعت قدمي على المسبح وهو ينفتح كل يوم عندما أمشي عليه.,جرح مفتوح
لقد كنت دائمًا نشيطًا جدًا ولكن الآن ليس لدي القوة أو الطاقة للذهاب حتى لمسافة قصيرة.,يشعر الجسم بالضعف
لقد لاحظت انخفاضًا ملحوظًا في رؤيتي عندما أحاول النظر إلى الأمور عن قرب.,رؤية ضبابية
لقد وجدت بعض المشاكل في بشرتي وحاولت استخدام الكريم ولكنه لا يتحسن,مشكلة الجلد
لم أستطع التوقف عن اهتزاز أو فك فكّي ، هكذا كنت أشعر بالبرد.,الشعور بالبرد
لم أستطع ممارسة الرياضة بسبب آلام الركبة,ألم الركبة
لم يكن لدي أي مشكلة في حب الشباب حتى آخر حمل ، عندما فجأة غطت ظهري في زيتس.,حب الشباب
لماذا يؤلمني كتفي عندما أحاول التقاط الغسيل؟,الم الكتف
لون بشرتي على ظهري أحمر ، لا أعرف لماذا.,مشكلة الجلد
ما الذي يساعد على شفاء الجروح بشكل أسرع؟,جرح مفتوح
مشيت لمسافة 3 كيلومترات ، أشعر بألم في قدمي مثل وجع القدم,آلام القدم
معدتي تشعر بالألم ولكن بعد ذلك أشعر بتحسن بعد تناول شيء خفيف.,ألم المعدة
معقم للعين,رؤية ضبابية
مفاصلي تشعر بالانتفاخ,الم المفاصل
من الصعب التنفس عندما أكون في محطة مترو الأنفاق ، لماذا؟,من الصعب التنفس
من الصعب الوقوف ، وأنا أتحرك ببطء شديد,يشعر الجسم بالضعف
من الصعب رؤية الأشياء,رؤية ضبابية
منذ أن دخلت الغابة أشعر بألم في أذني,ألم الأذن
هذه البقع الحمراء على خدي جديدة. ما هذا؟,مشكلة الجلد
هذه الندبة الطويلة على الأرداف اليسرى من السقوط عن دراجتي الجبلية.,إصابة من الرياضة
هل البثور مرض جلدي؟,حب الشباب
هل هناك علاج لحب الشباب؟,حب الشباب
هناك ألم حاد في العضلة ذات الرأسين. لقد حاولت تطبيق كريم مسكن للألم لكنه لا يساعد.,ألم عضلي
هناك ألم في العضلات لا أعرف سببها,ألم عضلي
هناك ألم في مفاصلي. لا استطيع تحمل الالم,الم المفاصل
هناك أوقات أشعر فيها بالسحق تحت وزن كبير ولا يمر الهواء إلى رئتي ، فإنه يخيفني حقًا عندما يحدث.,من الصعب التنفس
هناك إحساس بالوخز في رقبتي.,الم الرقبة
هناك الكثير من الألم عند تحريك ذراعي,القلب يؤلم
هناك الكثير من الألم عندما أحرك ذراعي.,الم الكتف
هناك الكثير من الشعر على وسادتي في الصباح.,تساقط الشعر
هناك بقعة حمراء في بشرتي,مشكلة الجلد
هناك تورم في رقبتي وهذا يؤلم.,الم الرقبة
هناك حب الشباب على وجهي,حب الشباب
هناك دغدغة مستمرة في حلقي,سعال
هناك شخص مصاب,جرح مصاب
هناك هذا الألم الذي ينتشر من صدري إلى ذراعي اليسرى.,القلب يؤلم
يؤلم أسفل ظهري ولكنه يتحسن إذا قمت بتمديده,ألم عضلي
يؤلم رأسي في الظهر ويستمر الألم طوال اليوم.,صداع الراس
يؤلم رأسي كلما حاولت أن أفعل شيئا.,صداع الراس
يؤلم عندما أرفع ذراعي,الم الكتف
يؤلم قلبي بينما أنا حزين ، لماذا؟,القلب يؤلم
يؤلمني ذراعي عندما تمدد,ألم عضلي
يؤلمني رأسي بشدة,صداع الراس
يؤلمني رقبتي ولا يمكنني النظر إلى الأسفل أو الأعلى,الم الرقبة
يؤلمني ركبتي بشدة للمشي لدرجة أنني بقيت جالسة أكثر مما ينبغي.,ألم الركبة
يؤلمني صدري عندما أذهب لأخذ نفس,من الصعب التنفس
يؤلمني عندما ثني ذراعي,الم المفاصل
يا قلبي يؤلمني حاولت أن أكون هادئا ولا أستطيع,القلب يؤلم
يبدأ الانزعاج فجأة ، غالبًا بعد إصابة أو تمرين.,ألم الركبة
يبدو أن ركبتي تطحنان أثناء صعود الدرج أو نزوله.,ألم الركبة
يبدو أن هناك دبابيس وإبر ملتصقة في مفاصلي,الم المفاصل
يبدو الألم وكأنه أسفل الجلد مباشرة,ألم عضلي
يبدو الأمر وكأن شخصًا ما قد وضع سكينًا في كتفي,الم الكتف
يبدو الأمر وكأن شخصًا ما يضرب رأسي بمطرقة. أشعر بألم في الجزء العلوي من رأسي ويثور.,صداع الراس
يبدو الأمر وكأن لدي إبرة تدفع في قلبي.,القلب يؤلم
يبدو التلفزيون وجهاز الكمبيوتر خارج نطاق التركيز على الرغم من أن لدي نظارات جديدة.,رؤية ضبابية
يجب أن يكون هناك شيء خاطئ في الدورة الدموية ، يجب أن أرتدي الجوارب حتى في الأيام الحارة ، يتم تجميد أصابع قدمي!,الشعور بالبرد
يصاب رأسي بالدوار عندما أحاول النهوض.,الشعور بالدوار
يصبح حب الشباب أسوأ عندما يكون الجو حارًا,حب الشباب
يقف أقل من خمس دقائق ويبدأ ظهري بالوجع,ألم في الظهر
يكسر وجهي بشكل سيئ كل شهر حول دورتي.,حب الشباب